sector,t_skills,m_skills,s_activas,afinidad_t,afinidad_m,t_min,t_max,t_avg,clase_fatiga
10,"[2, 2, 5, 5, 1, 3, 4, 6, 5, 0, 3, 5, 4, 2, 3, 4, 5, 4, 6, 3]","[0, 0, 0, 0, 0, 0, 0, 0, 0, 0, 2, 5, 7, 5, 4, 3, 3, 2, 2, 3]",20,0.4321428571428571,0.15444444444444444,3,90,51.45,2
10,"[2, 2, 5, 5, 1, 3, 4, 6, 5, 0, 3, 5, 4, 2, 3, 4, 5, 4, 6, 3]","[0, 0, 0, 0, 0, 0, 0, 0, 0, 0, 2, 5, 7, 5, 4, 3, 3, 2, 2, 3]",20,0.4321428571428571,0.15444444444444444,3,90,51.45,2
10,"[3, 3, 5, 5, 1, 3, 4, 6, 5, 0, 3, 5, 4, 2, 3, 4, 5, 5, 6, 3]","[0, 0, 0, 0, 0, 0, 0, 0, 0, 0, 2, 5, 7, 4, 4, 3, 3, 1, 2, 2]",20,0.3670995670995671,0.09876543209876543,3,90,51.45,0
10,"[3, 3, 4, 5, 1, 2, 3, 6, 4, 0, 3, 4, 4, 1, 2, 3, 5, 5, 5, 3]","[0, 0, 0, 0, 0, 0, 0, 0, 0, 0, 2, 5, 7, 5, 4, 3, 3, 2, 2, 3]",20,0.3683333333333333,0.1492857142857143,3,90,51.45,0
10,"[3, 3, 5, 5, 1, 3, 4, 6, 5, 0, 3, 5, 4, 2, 3, 4, 5, 5, 6, 3]","[0, 0, 0, 0, 0, 0, 0, 0, 0, 0, 2, 5, 7, 4, 4, 3, 3, 1, 2, 2]",20,0.3431457431457432,0.18068783068783068,3,90,51.45,0
10,"[3, 3, 5, 5, 1, 3, 4, 6, 5, 0, 3, 5, 4, 2, 3, 4, 5, 5, 6, 3]","[0, 0, 0, 0, 0, 0, 0, 0, 0, 0, 2, 5, 7, 4, 4, 3, 3, 1, 2, 2]",20,0.4148268398268398,0.11851851851851852,3,90,51.45,0
10,"[3, 3, 5, 5, 1, 3, 4, 6, 5, 0, 3, 5, 4, 2, 3, 4, 5, 5, 6, 3]","[0, 0, 0, 0, 0, 0, 0, 0, 0, 0, 2, 5, 7, 4, 4, 3, 3, 1, 2, 2]",20,0.4257575757575758,0.16909171075837742,3,90,51.45,0
